Name,Size,File type,Last modified
10th Admit,4.475 MB,jpg,12-08-2021 06:43 PM
10TH MARKSHEET 11,10.215 MB,jpg,12-08-2021 06:42 PM
10th Marksheet,9.689 MB,jpg,12-08-2021 06:43 PM
12TH ADMIT,5.074 MB,jpg,12-08-2021 06:43 PM
bad style time back ringtone popular bgm ringtone trending bgm music ringtone world bgm ringtone [TubeRipper.com],0.468 MB,m4a,13-05-2023 01:38 AM
Cast,3.255 MB,jpg,12-08-2021 06:43 PM
dp_images_104-1174,0.083 MB,jpg,25-07-2023 10:24 PM
dp_images_76-1248,0.077 MB,jpg,25-07-2023 10:26 PM
images (1),0.037 MB,jpeg,03-10-2021 07:54 AM
images (1),0.035 MB,png,03-10-2021 07:49 AM
images (10),0.008 MB,jpeg,01-05-2022 01:42 PM
images (11),0.005 MB,jpeg,01-05-2022 01:44 PM
images (12),0.014 MB,jpeg,08-04-2022 08:06 PM
images (13),0.012 MB,jpeg,08-04-2022 08:07 PM
images (14),0.006 MB,jpeg,08-04-2022 08:08 PM
images (15),0.014 MB,jpeg,28-05-2022 08:20 PM
images (16),0.03 MB,jpeg,28-05-2022 08:21 PM
images (17),0.068 MB,jpeg,28-05-2022 08:21 PM
images (18),0.038 MB,jpeg,17-07-2022 11:02 PM
images (19),0.011 MB,jpeg,04-08-2022 11:44 PM
images (2),0.064 MB,jpeg,19-08-2021 06:14 PM
images (2),0.013 MB,png,10-08-2023 09:43 PM
images (20),0.006 MB,jpeg,20-04-2023 07:26 PM
images (21),0.025 MB,jpeg,25-07-2023 10:07 PM
images (22),0.006 MB,jpeg,25-07-2023 10:07 PM
images (23),0.032 MB,jpeg,25-07-2023 10:12 PM
images (24),0.029 MB,jpeg,10-08-2023 09:44 PM
images (25),0.008 MB,jpeg,10-08-2023 09:45 PM
images (26),0.038 MB,jpeg,10-08-2023 09:45 PM
images (27),0.04 MB,jpeg,25-09-2023 10:11 AM
images (28),0.046 MB,jpeg,29-10-2023 10:18 AM
images (29),0.03 MB,jpeg,24-11-2023 07:18 PM
images (3),0.018 MB,jpeg,13-09-2021 05:00 PM
images (4),0.042 MB,jpeg,14-07-2022 09:07 AM
images (5),0.011 MB,jpeg,17-07-2022 11:00 PM
images (6),0.013 MB,jpeg,17-07-2022 11:01 PM
images (7),0.027 MB,jpeg,01-05-2022 01:34 PM
images (8),0.02 MB,jpeg,01-05-2022 01:41 PM
images (9),0.04 MB,jpeg,06-04-2022 11:51 AM
images,0.036 MB,jpeg,14-07-2022 09:06 AM
images,0.04 MB,png,14-07-2022 09:05 AM
imgonline-com-ua-resize-FDnyXbFS2H,0.027 MB,jpg,12-08-2021 10:38 PM
imgonline-com-ua-resize-kJ6EV8zW28l5b3,0.018 MB,jpg,12-08-2021 11:23 PM
Joker Sad Ringtone [TubeRipper.com],0.462 MB,mp3,13-05-2023 01:32 AM
minecraft potion chart,0.11 MB,jpg,30-10-2023 06:30 PM
Passbook,3.833 MB,jpg,12-08-2021 06:44 PM
